<?xml version="1.0" encoding="UTF-8"?>
<export version="D">
  <design>
    <source>C:\Users\Henry\Documents\Uni work\Avalon\Video Converter topside\Video Converter.sch</source>
    <date>03/03/2018 10:51:29</date>
    <tool>Eeschema 4.0.6</tool>
    <sheet number="1" name="/" tstamps="/">
      <title_block>
        <title/>
        <company/>
        <rev/>
        <date/>
        <source>Video Converter.sch</source>
        <comment number="1" value=""/>
        <comment number="2" value=""/>
        <comment number="3" value=""/>
        <comment number="4" value=""/>
      </title_block>
    </sheet>
  </design>
  <components>
    <comp ref="J3">
      <value>CONN_01X02</value>
      <footprint>Kicadlibrarys:RCA_Jack_4890.2250</footprint>
      <libsource lib="conn" part="CONN_01X02"/>
      <sheetpath names="/" tstamps="/"/>
      <tstamp>5A945214</tstamp>
    </comp>
    <comp ref="U2">
      <value>LM2776</value>
      <footprint>TO_SOT_Packages_SMD:SOT-23-6</footprint>
      <libsource lib="Video Converter-cache" part="LM2776"/>
      <sheetpath names="/" tstamps="/"/>
      <tstamp>5A945EE3</tstamp>
    </comp>
    <comp ref="C8">
      <value>1u</value>
      <footprint>Capacitors_ThroughHole:CP_Radial_D5.0mm_P2.50mm</footprint>
      <libsource lib="device" part="C"/>
      <sheetpath names="/" tstamps="/"/>
      <tstamp>5A946CB5</tstamp>
    </comp>
    <comp ref="U4">
      <value>OPA2340</value>
      <footprint>Housings_SOIC:SOIC-8_3.9x4.9mm_Pitch1.27mm</footprint>
      <libsource lib="linear" part="OPA2340"/>
      <sheetpath names="/" tstamps="/"/>
      <tstamp>5A946D71</tstamp>
    </comp>
    <comp ref="R9">
      <value>86R6</value>
      <footprint>Resistors_ThroughHole:R_Axial_DIN0207_L6.3mm_D2.5mm_P7.62mm_Horizontal</footprint>
      <libsource lib="device" part="R"/>
      <sheetpath names="/" tstamps="/"/>
      <tstamp>5A946FA9</tstamp>
    </comp>
    <comp ref="R12">
      <value>3k</value>
      <footprint>Resistors_ThroughHole:R_Axial_DIN0207_L6.3mm_D2.5mm_P7.62mm_Horizontal</footprint>
      <libsource lib="device" part="R"/>
      <sheetpath names="/" tstamps="/"/>
      <tstamp>5A946FFC</tstamp>
    </comp>
    <comp ref="R11">
      <value>3k</value>
      <footprint>Resistors_ThroughHole:R_Axial_DIN0207_L6.3mm_D2.5mm_P7.62mm_Horizontal</footprint>
      <libsource lib="device" part="R"/>
      <sheetpath names="/" tstamps="/"/>
      <tstamp>5A94712C</tstamp>
    </comp>
    <comp ref="R14">
      <value>3k</value>
      <footprint>Resistors_ThroughHole:R_Axial_DIN0207_L6.3mm_D2.5mm_P7.62mm_Horizontal</footprint>
      <libsource lib="device" part="R"/>
      <sheetpath names="/" tstamps="/"/>
      <tstamp>5A9471E7</tstamp>
    </comp>
    <comp ref="R17">
      <value>3k</value>
      <footprint>Resistors_ThroughHole:R_Axial_DIN0207_L6.3mm_D2.5mm_P7.62mm_Horizontal</footprint>
      <libsource lib="device" part="R"/>
      <sheetpath names="/" tstamps="/"/>
      <tstamp>5A947292</tstamp>
    </comp>
    <comp ref="C6">
      <value>C</value>
      <footprint>Capacitors_ThroughHole:C_Disc_D5.0mm_W2.5mm_P2.50mm</footprint>
      <libsource lib="device" part="C"/>
      <sheetpath names="/" tstamps="/"/>
      <tstamp>5A9473E4</tstamp>
    </comp>
    <comp ref="C5">
      <value>C</value>
      <footprint>Capacitors_ThroughHole:C_Disc_D5.0mm_W2.5mm_P2.50mm</footprint>
      <libsource lib="device" part="C"/>
      <sheetpath names="/" tstamps="/"/>
      <tstamp>5A94746E</tstamp>
    </comp>
    <comp ref="R8">
      <value>3k</value>
      <footprint>Resistors_ThroughHole:R_Axial_DIN0207_L6.3mm_D2.5mm_P7.62mm_Horizontal</footprint>
      <libsource lib="device" part="R"/>
      <sheetpath names="/" tstamps="/"/>
      <tstamp>5A947AED</tstamp>
    </comp>
    <comp ref="R10">
      <value>3k9</value>
      <footprint>Resistors_ThroughHole:R_Axial_DIN0207_L6.3mm_D2.5mm_P7.62mm_Horizontal</footprint>
      <libsource lib="device" part="R"/>
      <sheetpath names="/" tstamps="/"/>
      <tstamp>5A947B56</tstamp>
    </comp>
    <comp ref="C7">
      <value>68p</value>
      <footprint>Capacitors_ThroughHole:C_Disc_D3.0mm_W2.0mm_P2.50mm</footprint>
      <libsource lib="device" part="C"/>
      <sheetpath names="/" tstamps="/"/>
      <tstamp>5A947BAF</tstamp>
    </comp>
    <comp ref="R18">
      <value>75R</value>
      <footprint>Resistors_ThroughHole:R_Axial_DIN0207_L6.3mm_D2.5mm_P7.62mm_Horizontal</footprint>
      <libsource lib="device" part="R"/>
      <sheetpath names="/" tstamps="/"/>
      <tstamp>5A94946B</tstamp>
    </comp>
    <comp ref="R15">
      <value>1k5</value>
      <footprint>Resistors_ThroughHole:R_Axial_DIN0207_L6.3mm_D2.5mm_P7.62mm_Horizontal</footprint>
      <libsource lib="device" part="R"/>
      <sheetpath names="/" tstamps="/"/>
      <tstamp>5A9494E9</tstamp>
    </comp>
    <comp ref="RV2">
      <value>1k</value>
      <footprint>Potentiometers:Potentiometer_Trimmer_Bourns_3266W</footprint>
      <libsource lib="device" part="POT"/>
      <sheetpath names="/" tstamps="/"/>
      <tstamp>5A9495A8</tstamp>
    </comp>
    <comp ref="J4">
      <value>RJ45</value>
      <footprint>Kicadlibrarys:TE_RJ45</footprint>
      <libsource lib="conn" part="RJ45"/>
      <sheetpath names="/" tstamps="/"/>
      <tstamp>5A949944</tstamp>
    </comp>
    <comp ref="J5">
      <value>RJ45</value>
      <footprint>Kicadlibrarys:TE_RJ45</footprint>
      <libsource lib="conn" part="RJ45"/>
      <sheetpath names="/" tstamps="/"/>
      <tstamp>5A949D05</tstamp>
    </comp>
    <comp ref="J2">
      <value>CONN_01X02</value>
      <footprint>Kicadlibrarys:RCA_Jack_4890.2250</footprint>
      <libsource lib="conn" part="CONN_01X02"/>
      <sheetpath names="/" tstamps="/"/>
      <tstamp>5A94A65C</tstamp>
    </comp>
    <comp ref="U3">
      <value>OPA2340</value>
      <footprint>Housings_SOIC:SOIC-8_3.9x4.9mm_Pitch1.27mm</footprint>
      <libsource lib="linear" part="OPA2340"/>
      <sheetpath names="/" tstamps="/"/>
      <tstamp>5A94A668</tstamp>
    </comp>
    <comp ref="R2">
      <value>86R6</value>
      <footprint>Resistors_ThroughHole:R_Axial_DIN0207_L6.3mm_D2.5mm_P7.62mm_Horizontal</footprint>
      <libsource lib="device" part="R"/>
      <sheetpath names="/" tstamps="/"/>
      <tstamp>5A94A674</tstamp>
    </comp>
    <comp ref="R5">
      <value>3k</value>
      <footprint>Resistors_ThroughHole:R_Axial_DIN0207_L6.3mm_D2.5mm_P7.62mm_Horizontal</footprint>
      <libsource lib="device" part="R"/>
      <sheetpath names="/" tstamps="/"/>
      <tstamp>5A94A67A</tstamp>
    </comp>
    <comp ref="R4">
      <value>3k</value>
      <footprint>Resistors_ThroughHole:R_Axial_DIN0207_L6.3mm_D2.5mm_P7.62mm_Horizontal</footprint>
      <libsource lib="device" part="R"/>
      <sheetpath names="/" tstamps="/"/>
      <tstamp>5A94A680</tstamp>
    </comp>
    <comp ref="R6">
      <value>R</value>
      <footprint>Resistors_ThroughHole:R_Axial_DIN0207_L6.3mm_D2.5mm_P7.62mm_Horizontal</footprint>
      <libsource lib="device" part="R"/>
      <sheetpath names="/" tstamps="/"/>
      <tstamp>5A94A687</tstamp>
    </comp>
    <comp ref="R13">
      <value>3k</value>
      <footprint>Resistors_ThroughHole:R_Axial_DIN0207_L6.3mm_D2.5mm_P7.62mm_Horizontal</footprint>
      <libsource lib="device" part="R"/>
      <sheetpath names="/" tstamps="/"/>
      <tstamp>5A94A695</tstamp>
    </comp>
    <comp ref="R1">
      <value>3k</value>
      <footprint>Resistors_ThroughHole:R_Axial_DIN0207_L6.3mm_D2.5mm_P7.62mm_Horizontal</footprint>
      <libsource lib="device" part="R"/>
      <sheetpath names="/" tstamps="/"/>
      <tstamp>5A94A6B9</tstamp>
    </comp>
    <comp ref="R3">
      <value>3k9</value>
      <footprint>Resistors_ThroughHole:R_Axial_DIN0207_L6.3mm_D2.5mm_P7.62mm_Horizontal</footprint>
      <libsource lib="device" part="R"/>
      <sheetpath names="/" tstamps="/"/>
      <tstamp>5A94A6BF</tstamp>
    </comp>
    <comp ref="C3">
      <value>68p</value>
      <footprint>Capacitors_ThroughHole:C_Disc_D3.0mm_W2.0mm_P2.50mm</footprint>
      <libsource lib="device" part="C"/>
      <sheetpath names="/" tstamps="/"/>
      <tstamp>5A94A6C5</tstamp>
    </comp>
    <comp ref="R16">
      <value>75R</value>
      <footprint>Resistors_ThroughHole:R_Axial_DIN0207_L6.3mm_D2.5mm_P7.62mm_Horizontal</footprint>
      <libsource lib="device" part="R"/>
      <sheetpath names="/" tstamps="/"/>
      <tstamp>5A94A6D2</tstamp>
    </comp>
    <comp ref="R7">
      <value>1k5</value>
      <footprint>Resistors_ThroughHole:R_Axial_DIN0207_L6.3mm_D2.5mm_P7.62mm_Horizontal</footprint>
      <libsource lib="device" part="R"/>
      <sheetpath names="/" tstamps="/"/>
      <tstamp>5A94A6D8</tstamp>
    </comp>
    <comp ref="RV1">
      <value>1k</value>
      <footprint>Potentiometers:Potentiometer_Trimmer_Bourns_3266W</footprint>
      <libsource lib="device" part="POT"/>
      <sheetpath names="/" tstamps="/"/>
      <tstamp>5A94A6DE</tstamp>
    </comp>
    <comp ref="C4">
      <value>10u</value>
      <footprint>Capacitors_ThroughHole:CP_Radial_D5.0mm_P2.50mm</footprint>
      <libsource lib="device" part="C"/>
      <sheetpath names="/" tstamps="/"/>
      <tstamp>5A94CEF5</tstamp>
    </comp>
    <comp ref="U1">
      <value>LM7805</value>
      <footprint>TO_SOT_Packages_THT:TO-220-3_Vertical</footprint>
      <libsource lib="regul" part="LM7805"/>
      <sheetpath names="/" tstamps="/"/>
      <tstamp>5A986BC1</tstamp>
    </comp>
    <comp ref="C2">
      <value>C</value>
      <footprint>Capacitors_ThroughHole:CP_Radial_D5.0mm_P2.50mm</footprint>
      <libsource lib="device" part="C"/>
      <sheetpath names="/" tstamps="/"/>
      <tstamp>5A987091</tstamp>
    </comp>
    <comp ref="C1">
      <value>C</value>
      <footprint>Capacitors_ThroughHole:C_Disc_D5.0mm_W2.5mm_P2.50mm</footprint>
      <libsource lib="device" part="C"/>
      <sheetpath names="/" tstamps="/"/>
      <tstamp>5A9871B7</tstamp>
    </comp>
    <comp ref="J1">
      <value>CONN_01X02</value>
      <footprint>Kicadlibrarys:RS_5.5mmSocket</footprint>
      <libsource lib="conn" part="CONN_01X02"/>
      <sheetpath names="/" tstamps="/"/>
      <tstamp>5A987611</tstamp>
    </comp>
  </components>
  <libparts>
    <libpart lib="regul" part="7805">
      <aliases>
        <alias>LM7805</alias>
        <alias>LM7812</alias>
        <alias>78L05</alias>
      </aliases>
      <description>Linear Regulator +5V</description>
      <docs>regulator\lm78xx.pdf</docs>
      <fields>
        <field name="Reference">U</field>
        <field name="Value">7805</field>
      </fields>
      <pins>
        <pin num="GND" name="GND" type="input"/>
        <pin num="VI" name="VI" type="input"/>
        <pin num="VO" name="VO" type="power_out"/>
      </pins>
    </libpart>
    <libpart lib="device" part="C">
      <description>Unpolarized capacitor</description>
      <footprints>
        <fp>C_*</fp>
      </footprints>
      <fields>
        <field name="Reference">C</field>
        <field name="Value">C</field>
      </fields>
      <pins>
        <pin num="1" name="~" type="passive"/>
        <pin num="2" name="~" type="passive"/>
      </pins>
    </libpart>
    <libpart lib="conn" part="CONN_01X02">
      <description>Connector, single row, 01x02, pin header</description>
      <footprints>
        <fp>Pin_Header_Straight_1X*</fp>
        <fp>Pin_Header_Angled_1X*</fp>
        <fp>Socket_Strip_Straight_1X*</fp>
        <fp>Socket_Strip_Angled_1X*</fp>
      </footprints>
      <fields>
        <field name="Reference">J</field>
        <field name="Value">CONN_01X02</field>
      </fields>
      <pins>
        <pin num="1" name="P1" type="passive"/>
        <pin num="2" name="P2" type="passive"/>
      </pins>
    </libpart>
    <libpart lib="Video Converter-cache" part="LM2776">
      <fields>
        <field name="Reference">U</field>
        <field name="Value">LM2776</field>
      </fields>
      <pins>
        <pin num="1" name="Vout" type="input"/>
        <pin num="2" name="GND" type="input"/>
        <pin num="3" name="VIN" type="input"/>
        <pin num="4" name="EN" type="input"/>
        <pin num="5" name="C1+" type="input"/>
        <pin num="6" name="C1-" type="input"/>
      </pins>
    </libpart>
    <libpart lib="linear" part="OPA2340">
      <description>Dual Single-Supply, Rail-to-Rail Operational Amplifier, MicroAmplifier™ Series</description>
      <docs>http://www.ti.com/lit/ds/symlink/opa4340.pdf</docs>
      <footprints>
        <fp>SOIC*3.9x4.9mm*Pitch1.27mm</fp>
        <fp>MSOP*3x3mm?Pitch0.65mm*</fp>
        <fp>DIP*W7.62mm*</fp>
      </footprints>
      <fields>
        <field name="Reference">U</field>
        <field name="Value">OPA2340</field>
      </fields>
      <pins>
        <pin num="1" name="~" type="output"/>
        <pin num="2" name="-" type="input"/>
        <pin num="3" name="+" type="input"/>
        <pin num="4" name="V-" type="power_in"/>
        <pin num="5" name="+" type="input"/>
        <pin num="6" name="-" type="input"/>
        <pin num="7" name="~" type="output"/>
        <pin num="8" name="V+" type="power_in"/>
      </pins>
    </libpart>
    <libpart lib="device" part="POT">
      <description>Potentionmeter</description>
      <fields>
        <field name="Reference">RV</field>
        <field name="Value">POT</field>
      </fields>
      <pins>
        <pin num="1" name="1" type="passive"/>
        <pin num="2" name="2" type="passive"/>
        <pin num="3" name="3" type="passive"/>
      </pins>
    </libpart>
    <libpart lib="device" part="R">
      <description>Resistor</description>
      <footprints>
        <fp>R_*</fp>
        <fp>R_*</fp>
      </footprints>
      <fields>
        <field name="Reference">R</field>
        <field name="Value">R</field>
      </fields>
      <pins>
        <pin num="1" name="~" type="passive"/>
        <pin num="2" name="~" type="passive"/>
      </pins>
    </libpart>
    <libpart lib="conn" part="RJ45">
      <description>RJ45 connector with shield</description>
      <fields>
        <field name="Reference">J</field>
        <field name="Value">RJ45</field>
      </fields>
      <pins>
        <pin num="1" name="~" type="passive"/>
        <pin num="2" name="~" type="passive"/>
        <pin num="3" name="~" type="passive"/>
        <pin num="4" name="~" type="passive"/>
        <pin num="5" name="~" type="passive"/>
        <pin num="6" name="~" type="passive"/>
        <pin num="7" name="~" type="passive"/>
        <pin num="8" name="~" type="passive"/>
        <pin num="9" name="SHIELD" type="passive"/>
      </pins>
    </libpart>
  </libparts>
  <libraries>
    <library logical="linear">
      <uri>C:\Program Files\KiCad\share\kicad\library\linear.lib</uri>
    </library>
    <library logical="conn">
      <uri>C:\Program Files\KiCad\share\kicad\library\conn.lib</uri>
    </library>
    <library logical="device">
      <uri>C:\Program Files\KiCad\share\kicad\library\device.lib</uri>
    </library>
    <library logical="Video Converter-cache">
      <uri>C:\Users\Henry\Documents\Uni work\Avalon\Video Converter topside\Video Converter-cache.lib</uri>
    </library>
    <library logical="regul">
      <uri>C:\Program Files\KiCad\share\kicad\library\regul.lib</uri>
    </library>
  </libraries>
  <nets>
    <net code="1" name="Net-(R13-Pad2)">
      <node ref="R13" pin="2"/>
      <node ref="R5" pin="1"/>
      <node ref="U3" pin="2"/>
    </net>
    <net code="2" name="Net-(R4-Pad1)">
      <node ref="R4" pin="1"/>
      <node ref="R6" pin="1"/>
      <node ref="U3" pin="3"/>
    </net>
    <net code="3" name="Net-(J5-Pad4)">
      <node ref="R11" pin="2"/>
      <node ref="J5" pin="4"/>
      <node ref="R9" pin="1"/>
    </net>
    <net code="4" name="Net-(R7-Pad1)">
      <node ref="RV1" pin="3"/>
      <node ref="R7" pin="1"/>
    </net>
    <net code="5" name="Net-(R16-Pad2)">
      <node ref="RV1" pin="2"/>
      <node ref="RV1" pin="1"/>
      <node ref="R16" pin="2"/>
      <node ref="U3" pin="7"/>
    </net>
    <net code="6" name="Net-(J5-Pad5)">
      <node ref="R9" pin="2"/>
      <node ref="R12" pin="2"/>
      <node ref="J5" pin="5"/>
    </net>
    <net code="7" name="Net-(C3-Pad1)">
      <node ref="R3" pin="2"/>
      <node ref="C3" pin="1"/>
    </net>
    <net code="8" name="Net-(R15-Pad1)">
      <node ref="R15" pin="1"/>
      <node ref="RV2" pin="3"/>
    </net>
    <net code="9" name="Net-(R18-Pad2)">
      <node ref="RV2" pin="1"/>
      <node ref="U4" pin="7"/>
      <node ref="RV2" pin="2"/>
      <node ref="R18" pin="2"/>
    </net>
    <net code="10" name="Net-(C7-Pad1)">
      <node ref="C7" pin="1"/>
      <node ref="R10" pin="2"/>
    </net>
    <net code="11" name="GND">
      <node ref="J1" pin="1"/>
      <node ref="R6" pin="2"/>
      <node ref="U2" pin="2"/>
      <node ref="U4" pin="5"/>
      <node ref="C5" pin="1"/>
      <node ref="C6" pin="2"/>
      <node ref="J4" pin="9"/>
      <node ref="U3" pin="5"/>
      <node ref="J2" pin="2"/>
      <node ref="J5" pin="9"/>
      <node ref="C2" pin="2"/>
      <node ref="C4" pin="1"/>
      <node ref="J3" pin="2"/>
      <node ref="U1" pin="GND"/>
      <node ref="R14" pin="2"/>
      <node ref="C1" pin="2"/>
    </net>
    <net code="12" name="Net-(C1-Pad1)">
      <node ref="J1" pin="2"/>
      <node ref="U1" pin="VI"/>
      <node ref="C1" pin="1"/>
    </net>
    <net code="13" name="+5V">
      <node ref="U3" pin="8"/>
      <node ref="C6" pin="1"/>
      <node ref="U4" pin="8"/>
      <node ref="U2" pin="4"/>
      <node ref="U2" pin="3"/>
      <node ref="C2" pin="1"/>
      <node ref="U1" pin="VO"/>
    </net>
    <net code="14" name="Net-(J4-Pad2)">
      <node ref="J5" pin="2"/>
      <node ref="J4" pin="2"/>
    </net>
    <net code="15" name="Net-(J4-Pad1)">
      <node ref="J4" pin="1"/>
      <node ref="J5" pin="1"/>
    </net>
    <net code="16" name="Net-(J5-Pad8)">
      <node ref="J5" pin="8"/>
      <node ref="R4" pin="2"/>
      <node ref="R2" pin="1"/>
    </net>
    <net code="17" name="Net-(J4-Pad6)">
      <node ref="J4" pin="6"/>
      <node ref="J5" pin="6"/>
    </net>
    <net code="18" name="Net-(J4-Pad3)">
      <node ref="J4" pin="3"/>
      <node ref="J5" pin="3"/>
    </net>
    <net code="19" name="Net-(J3-Pad1)">
      <node ref="J3" pin="1"/>
      <node ref="R18" pin="1"/>
    </net>
    <net code="20" name="Net-(R10-Pad1)">
      <node ref="U4" pin="6"/>
      <node ref="R8" pin="1"/>
      <node ref="R10" pin="1"/>
      <node ref="R15" pin="2"/>
    </net>
    <net code="21" name="Net-(C4-Pad2)">
      <node ref="U3" pin="4"/>
      <node ref="U2" pin="1"/>
      <node ref="U4" pin="4"/>
      <node ref="C5" pin="2"/>
      <node ref="C4" pin="2"/>
    </net>
    <net code="22" name="Net-(J4-Pad4)">
      <node ref="J4" pin="4"/>
    </net>
    <net code="23" name="Net-(J4-Pad8)">
      <node ref="J4" pin="8"/>
    </net>
    <net code="24" name="Net-(J4-Pad7)">
      <node ref="J4" pin="7"/>
    </net>
    <net code="25" name="Net-(J4-Pad5)">
      <node ref="J4" pin="5"/>
    </net>
    <net code="26" name="Net-(C7-Pad2)">
      <node ref="R17" pin="1"/>
      <node ref="C7" pin="2"/>
      <node ref="R8" pin="2"/>
      <node ref="U4" pin="1"/>
    </net>
    <net code="27" name="Net-(C8-Pad1)">
      <node ref="C8" pin="1"/>
      <node ref="U2" pin="6"/>
    </net>
    <net code="28" name="Net-(C8-Pad2)">
      <node ref="C8" pin="2"/>
      <node ref="U2" pin="5"/>
    </net>
    <net code="29" name="Net-(J2-Pad1)">
      <node ref="R16" pin="1"/>
      <node ref="J2" pin="1"/>
    </net>
    <net code="30" name="Net-(C3-Pad2)">
      <node ref="R13" pin="1"/>
      <node ref="C3" pin="2"/>
      <node ref="R1" pin="2"/>
      <node ref="U3" pin="1"/>
    </net>
    <net code="31" name="Net-(R1-Pad1)">
      <node ref="U3" pin="6"/>
      <node ref="R7" pin="2"/>
      <node ref="R3" pin="1"/>
      <node ref="R1" pin="1"/>
    </net>
    <net code="32" name="Net-(R12-Pad1)">
      <node ref="R17" pin="2"/>
      <node ref="U4" pin="2"/>
      <node ref="R12" pin="1"/>
    </net>
    <net code="33" name="Net-(R11-Pad1)">
      <node ref="R11" pin="1"/>
      <node ref="U4" pin="3"/>
      <node ref="R14" pin="1"/>
    </net>
    <net code="34" name="Net-(J5-Pad7)">
      <node ref="R2" pin="2"/>
      <node ref="R5" pin="2"/>
      <node ref="J5" pin="7"/>
    </net>
  </nets>
</export>
